tick,avg_hydrolytic_resistance,pct_blocks_in_assemblies
0,0.000000,0.00
100,0.517520,0.00
200,0.530710,0.00
300,0.527639,0.00
400,0.535041,0.00
500,0.521962,0.00
600,0.517664,0.00
700,0.529986,0.00
800,0.557883,0.00
900,0.532201,0.00
1000,0.527427,0.00
1100,0.544868,0.00
1200,0.542881,0.00
1300,0.543724,0.00
1400,0.546472,0.00
1500,0.532910,0.00
1600,0.561993,0.00
1700,0.566214,0.00
1800,0.523766,0.00
1900,0.525621,0.00
2000,0.563650,0.00
2100,0.528974,0.00
2200,0.546549,0.00
2300,0.539211,0.00
2400,0.523314,0.00
2500,0.541240,0.00
2600,0.558414,0.00
2700,0.526083,0.00
2800,0.544848,0.00
2900,0.555275,0.00
3000,0.549791,0.00
3100,0.553159,0.00
3200,0.567455,0.00
3300,0.544310,0.00
3400,0.536077,0.00
3500,0.536021,0.00
3600,0.520210,0.00
3700,0.546998,0.00
3800,0.548964,0.00
3900,0.552917,0.00
4000,0.537437,0.00
4100,0.551363,0.00
4200,0.532211,0.00
4300,0.548055,0.00
4400,0.548773,0.00
4500,0.538554,0.00
4600,0.521467,0.00
4700,0.539105,0.00
4800,0.529959,0.00
4900,0.554712,0.00
5000,0.559688,0.00
5100,0.540721,0.00
5200,0.551719,0.00
5300,0.548859,0.00
5400,0.527230,0.00
5500,0.544227,0.00
5600,0.553222,0.00
5700,0.541824,0.00
5800,0.554863,0.00
5900,0.562307,0.00
6000,0.527658,0.00
6100,0.536608,0.00
6200,0.557765,0.00
6300,0.530958,0.00
6400,0.530024,0.00
6500,0.556838,0.00
6600,0.539909,0.00
6700,0.548398,0.00
6800,0.586500,0.00
6900,0.531440,0.00
7000,0.551079,0.00
7100,0.557184,0.00
7200,0.545155,0.00
7300,0.536680,0.00
7400,0.541002,0.00
7500,0.528568,0.00
7600,0.537901,0.00
7700,0.552795,0.00
7800,0.526252,0.00
7900,0.528040,0.00
8000,0.543413,0.00
8100,0.529353,0.00
8200,0.553662,0.00
8300,0.551202,0.00
8400,0.528818,0.00
8500,0.532479,0.00
8600,0.550521,0.00
8700,0.534966,0.00
8800,0.536848,0.00
8900,0.557028,0.00
9000,0.541444,0.00
9100,0.554786,0.00
9200,0.563831,0.00
9300,0.547635,0.00
9400,0.546049,0.00
9500,0.591324,0.00
9600,0.570211,0.00
9700,0.549843,0.00
9800,0.554076,0.00
9900,0.537216,0.00
10000,0.541810,0.00
10100,0.545971,0.00
10200,0.545617,0.00
10300,0.535567,0.00
10400,0.546110,0.00
10500,0.545174,0.00
10600,0.545354,0.00
10700,0.552964,0.00
10800,0.533561,0.00
10900,0.545816,0.00
11000,0.544001,0.00
11100,0.543319,0.00
11200,0.530169,0.00
11300,0.543183,0.00
11400,0.522055,0.00
11500,0.540064,0.00
11600,0.544173,0.00
11700,0.540656,0.00
11800,0.537458,0.00
11900,0.543754,0.00
12000,0.544908,0.00
12100,0.541636,0.00
12200,0.540980,0.00
12300,0.537891,0.00
12400,0.534219,0.00
12500,0.569874,0.00
12600,0.541233,0.00
12700,0.556574,0.00
12800,0.554536,0.00
12900,0.537387,0.00
13000,0.564236,0.00
13100,0.573825,0.00
13200,0.547575,0.00
13300,0.548761,0.00
13400,0.551711,0.00
13500,0.535823,0.00
13600,0.536065,0.00
13700,0.552601,0.00
13800,0.539853,0.00
13900,0.551748,0.00
14000,0.551062,0.00
14100,0.529116,0.00
14200,0.545857,0.00
14300,0.547904,0.00
14400,0.531214,0.00
14500,0.539825,0.00
14600,0.552077,0.00
14700,0.528123,0.00
14800,0.555700,0.00
14900,0.547211,0.00
15000,0.539157,0.00
15100,0.539791,0.00
15200,0.524864,0.00
15300,0.525956,0.00
15400,0.538844,0.00
15500,0.552464,0.00
15600,0.539093,0.00
15700,0.549909,0.00
15800,0.556563,0.00
15900,0.539994,0.00
16000,0.537344,0.00
16100,0.550211,0.00
16200,0.532885,0.00
16300,0.544369,0.00
16400,0.525689,0.00
16500,0.533135,0.00
16600,0.528709,0.00
16700,0.547510,0.00
16800,0.541559,0.00
16900,0.563744,0.00
17000,0.565620,0.00
17100,0.554191,0.00
17200,0.558150,0.00
17300,0.546148,0.00
17400,0.536446,0.00
17500,0.542565,0.00
17600,0.549473,0.00
17700,0.534496,0.00
17800,0.543183,0.00
17900,0.556041,0.00
18000,0.541004,0.00
18100,0.543701,0.00
18200,0.556190,0.00
18300,0.544943,0.00
18400,0.536347,0.00
18500,0.562081,0.00
18600,0.552593,0.00
18700,0.553846,0.00
18800,0.557790,0.00
18900,0.545104,0.00
19000,0.560099,0.00
19100,0.556037,0.00
19200,0.528092,0.00
19300,0.539837,0.00
19400,0.570302,0.00
19500,0.542651,0.00
19600,0.529475,0.00
19700,0.556288,0.00
19800,0.526063,0.00
19900,0.544341,0.00
20000,0.550709,0.00
20100,0.537923,0.00
20200,0.551647,0.00
20300,0.543973,0.00
20400,0.542759,0.00
20500,0.539867,0.00
20600,0.546918,0.00
20700,0.522969,0.00
20800,0.553691,0.00
20900,0.554075,0.00
21000,0.531058,0.00
21100,0.535228,0.00
21200,0.546374,0.00
21300,0.549208,0.00
21400,0.554285,0.00
21500,0.540657,0.00
21600,0.548240,0.00
21700,0.552689,0.00
21800,0.548679,0.00
21900,0.548057,0.00
22000,0.541122,0.00
22100,0.549207,0.00
22200,0.533380,0.00
22300,0.543377,0.00
22400,0.566802,0.00
22500,0.544132,0.00
22600,0.537107,0.00
22700,0.556398,0.00
22800,0.547435,0.00
22900,0.539540,0.00
23000,0.558193,0.00
23100,0.553591,0.00
23200,0.551414,0.00
23300,0.532757,0.00
23400,0.515619,0.00
23500,0.529892,0.00
23600,0.557931,0.00
23700,0.528543,0.00
23800,0.539227,0.00
23900,0.535773,0.00
24000,0.557873,0.00
24100,0.545089,0.00
24200,0.539671,0.00
24300,0.537678,0.00
24400,0.535518,0.00
24500,0.543592,0.00
24600,0.542387,0.00
24700,0.539586,0.00
24800,0.533576,0.00
24900,0.531764,0.00
25000,0.534243,0.00
25100,0.541764,0.00
25200,0.539263,0.00
25300,0.560899,0.00
25400,0.546685,0.00
25500,0.528974,0.00
25600,0.554800,0.00
25700,0.546979,0.00
25800,0.550420,0.00
25900,0.547385,0.00
26000,0.548537,0.00
26100,0.537404,0.00
26200,0.533436,0.00
26300,0.529921,0.00
26400,0.540336,0.00
26500,0.544163,0.00
26600,0.545302,0.00
26700,0.551981,0.00
26800,0.536167,0.00
26900,0.551474,0.00
27000,0.541761,0.00
27100,0.552596,0.00
27200,0.540650,0.00
27300,0.536968,0.00
27400,0.548336,0.00
27500,0.556457,0.00
27600,0.549266,0.00
27700,0.553505,0.00
27800,0.577005,0.00
27900,0.531800,0.00
28000,0.547621,0.00
28100,0.537227,0.00
28200,0.539220,0.00
28300,0.556679,0.00
28400,0.557947,0.00
28500,0.537145,0.00
28600,0.540688,0.00
28700,0.562463,0.00
28800,0.534528,0.00
28900,0.547542,0.00
29000,0.569250,0.00
29100,0.553952,0.00
29200,0.558481,0.00
29300,0.560175,0.00
29400,0.542735,0.00
29500,0.537389,0.00
29600,0.557020,0.00
29700,0.538712,0.00
29800,0.547989,0.00
29900,0.560758,0.00
30000,0.547069,0.00
30100,0.539590,0.00
30200,0.550260,0.00
30300,0.528006,0.00
30400,0.543859,0.00
30500,0.557336,0.00
30600,0.544052,0.00
30700,0.534814,0.00
30800,0.558541,0.00
30900,0.533231,0.00
31000,0.543839,0.00
31100,0.571511,0.00
31200,0.544428,0.00
31300,0.552214,0.00
31400,0.549553,0.00
31500,0.543443,0.00
31600,0.541358,0.00
31700,0.536609,0.00
31800,0.545098,0.00
31900,0.535568,0.00
32000,0.544697,0.00
32100,0.536840,0.00
32200,0.540349,0.00
32300,0.542447,0.00
32400,0.533426,0.00
32500,0.525865,0.00
32600,0.554772,0.00
32700,0.540428,0.00
32800,0.539826,0.00
32900,0.541486,0.00
33000,0.534925,0.00
33100,0.541323,0.00
33200,0.565048,0.00
33300,0.536254,0.00
33400,0.554322,0.00
33500,0.571040,0.00
33600,0.538696,0.00
33700,0.543469,0.00
33800,0.564046,4.46
33900,0.545932,3.95
34000,0.535064,4.00
34100,0.544627,3.49
34200,0.544553,1.97
34300,0.542851,2.04
34400,0.562892,2.48
34500,0.536994,1.48
34600,0.544633,1.57
34700,0.548380,1.66
34800,0.552333,1.62
34900,0.548898,1.55
35000,0.567691,0.00
35100,0.566123,0.00
35200,0.541060,0.00
35300,0.534494,0.00
35400,0.531333,0.00
35500,0.542370,0.00
35600,0.545775,0.00
35700,0.540375,0.00
35800,0.546988,0.00
35900,0.558262,0.00
36000,0.536119,0.00
36100,0.529795,0.00
36200,0.534708,0.00
36300,0.540332,0.00
36400,0.544699,0.00
36500,0.562796,0.00
36600,0.556827,0.00
36700,0.545416,0.00
36800,0.560202,0.00
36900,0.544261,0.00
37000,0.539789,0.00
37100,0.547330,0.00
37200,0.541796,0.00
37300,0.538719,0.00
37400,0.546987,0.00
37500,0.547048,0.00
37600,0.552009,0.00
37700,0.559127,0.00
37800,0.546152,0.00
37900,0.542139,0.00
38000,0.560446,0.00
38100,0.535938,0.00
38200,0.548596,0.00
38300,0.566877,0.00
38400,0.547446,0.00
38500,0.552479,0.00
38600,0.566873,0.00
38700,0.537097,0.00
38800,0.541444,0.00
38900,0.555806,0.00
39000,0.534455,0.00
39100,0.529235,0.00
39200,0.553273,0.00
39300,0.533705,0.00
39400,0.534528,0.00
39500,0.543155,0.00
39600,0.537007,0.00
39700,0.558140,0.00
39800,0.558450,0.00
39900,0.536544,0.00
40000,0.543935,0.00
40100,0.552896,0.00
40200,0.521218,0.00
40300,0.539220,0.00
40400,0.550165,0.00
40500,0.541581,0.00
40600,0.549926,0.00
40700,0.547931,0.00
40800,0.527455,0.00
40900,0.540001,0.00
41000,0.559511,0.00
41100,0.551797,0.00
41200,0.541253,0.00
41300,0.543749,0.00
41400,0.533124,0.00
41500,0.554376,0.00
41600,0.574348,0.00
41700,0.552956,0.00
41800,0.552802,0.00
41900,0.555397,0.00
42000,0.545359,0.00
42100,0.561028,0.00
42200,0.555017,0.00
42300,0.540668,0.00
42400,0.548414,0.00
42500,0.559891,0.00
42600,0.536085,0.00
42700,0.560228,0.00
42800,0.549813,0.00
42900,0.543745,0.00
43000,0.543447,0.00
43100,0.548376,0.00
43200,0.547072,0.00
43300,0.533114,0.00
43400,0.531456,0.00
43500,0.529284,0.00
43600,0.532362,0.00
43700,0.552695,0.00
43800,0.538669,0.00
43900,0.538649,0.00
44000,0.531114,0.00
44100,0.523665,0.00
44200,0.543428,0.00
44300,0.557396,0.00
44400,0.541192,0.00
44500,0.560040,0.00
44600,0.582006,0.00
44700,0.557038,0.00
44800,0.551497,0.00
44900,0.552598,0.00
45000,0.530681,0.00
45100,0.533044,0.00
45200,0.547593,0.00
45300,0.528030,0.00
45400,0.527847,0.00
45500,0.554098,0.00
45600,0.538103,0.00
45700,0.550028,0.00
45800,0.589985,0.00
45900,0.555699,0.00
46000,0.561583,0.00
46100,0.547243,0.00
46200,0.532890,0.00
46300,0.537744,0.00
46400,0.544721,0.00
46500,0.539437,0.00
46600,0.547671,0.00
46700,0.569258,0.00
46800,0.565827,0.00
46900,0.543212,0.00
47000,0.558821,0.00
47100,0.546648,0.00
47200,0.546938,0.00
47300,0.544724,0.00
47400,0.538775,0.00
47500,0.553312,0.00
47600,0.545946,0.00
47700,0.531545,0.00
47800,0.552881,0.00
47900,0.559726,0.00
48000,0.532561,0.00
48100,0.524572,0.00
48200,0.549635,0.00
48300,0.544075,0.00
48400,0.553548,0.00
48500,0.568514,0.00
48600,0.543017,0.00
48700,0.551895,0.00
48800,0.554671,0.00
48900,0.540234,0.00
49000,0.571631,0.00
49100,0.545117,0.00
49200,0.541561,0.00
49300,0.552238,0.00
49400,0.561545,0.00
49500,0.547127,0.00
49600,0.553930,0.00
49700,0.558883,0.00
49800,0.544214,0.00
49900,0.548977,0.00
50000,0.547488,0.00
50100,0.533161,0.00
50200,0.547979,0.00
50300,0.568481,0.00
50400,0.538271,0.00
50500,0.558635,0.00
50600,0.554314,0.00
50700,0.530217,0.00
50800,0.528390,0.00
50900,0.550542,0.00
51000,0.527566,0.00
51100,0.542054,0.00
51200,0.526742,0.00
51300,0.521065,0.00
51400,0.544514,0.00
51500,0.554746,0.00
51600,0.560512,0.00
51700,0.569228,0.00
51800,0.563377,0.00
51900,0.536616,0.00
52000,0.551192,0.00
52100,0.564877,0.00
52200,0.545442,0.00
52300,0.540599,0.00
52400,0.582917,0.00
52500,0.551491,0.00
52600,0.552562,0.00
52700,0.549594,4.04
52800,0.528725,3.44
52900,0.529316,3.17
53000,0.536431,2.23
53100,0.513081,0.00
53200,0.527382,0.00
53300,0.545024,0.00
53400,0.530563,0.00
53500,0.555888,0.00
53600,0.555953,0.00
53700,0.547971,0.00
53800,0.567643,0.00
53900,0.556484,0.00
54000,0.549054,0.00
54100,0.555251,0.00
54200,0.563607,0.00
54300,0.541756,0.00
54400,0.560926,0.00
54500,0.569789,0.00
54600,0.550731,0.00
54700,0.555520,0.00
54800,0.550199,0.00
54900,0.548815,0.00
55000,0.545153,0.00
55100,0.553048,0.00
55200,0.536328,0.00
55300,0.549915,0.00
55400,0.558821,0.00
55500,0.538654,0.00
55600,0.551739,0.00
55700,0.556633,0.00
55800,0.531124,0.00
55900,0.530812,0.00
56000,0.543507,0.00
56100,0.546885,0.00
56200,0.545072,0.00
56300,0.573509,0.00
56400,0.555044,0.00
56500,0.543419,0.00
56600,0.566627,0.00
56700,0.545914,0.00
56800,0.567588,0.00
56900,0.591321,0.00
57000,0.558253,0.00
57100,0.544299,0.00
57200,0.572352,0.00
57300,0.537197,0.00
57400,0.555890,0.00
57500,0.570435,0.00
57600,0.535480,0.00
57700,0.555991,0.00
57800,0.532564,0.00
57900,0.522658,0.00
58000,0.548425,0.00
58100,0.568359,0.00
58200,0.545602,0.00
58300,0.528429,0.00
58400,0.536928,0.00
58500,0.533951,0.00
58600,0.534453,0.00
58700,0.540706,0.00
58800,0.521944,0.00
58900,0.539310,0.00
59000,0.554188,0.00
59100,0.535135,0.00
59200,0.540655,0.00
59300,0.552325,0.00
59400,0.542948,0.00
59500,0.540418,0.00
59600,0.547626,0.00
59700,0.546511,0.00
59800,0.554068,0.00
59900,0.573125,0.00
60000,0.546526,0.00
60100,0.551754,0.00
60200,0.553033,0.00
60300,0.558066,0.00
60400,0.557580,0.00
60500,0.574529,0.00
60600,0.560284,0.00
60700,0.535340,0.00
60800,0.572682,0.00
60900,0.554117,0.00
61000,0.554497,0.00
61100,0.562078,0.00
61200,0.540821,0.00
61300,0.555014,0.00
61400,0.564707,0.00
61500,0.545535,0.00
61600,0.561229,0.00
61700,0.559079,0.00
61800,0.561182,0.00
61900,0.551910,0.00
62000,0.565734,0.00
62100,0.535117,0.00
62200,0.554718,0.00
62300,0.567982,0.00
62400,0.548469,0.00
62500,0.557053,0.00
62600,0.567813,0.00
62700,0.553236,0.00
62800,0.546429,0.00
62900,0.528832,0.00
63000,0.507130,0.00
63100,0.543158,0.00
63200,0.547202,0.00
63300,0.540389,0.00
63400,0.545870,0.00
63500,0.549097,0.00
63600,0.529900,0.00
63700,0.534865,0.00
63800,0.538405,0.00
63900,0.517186,0.00
64000,0.527025,0.00
64100,0.558005,0.00
64200,0.547952,0.00
64300,0.553760,0.00
64400,0.566142,0.00
64500,0.552941,0.00
64600,0.545956,0.00
64700,0.576863,0.00
64800,0.550046,0.00
64900,0.548653,0.00
65000,0.564462,0.00
65100,0.551589,0.00
65200,0.558794,0.00
65300,0.575587,0.00
65400,0.558190,0.00
65500,0.538551,0.00
65600,0.551719,0.00
65700,0.527589,0.00
65800,0.542790,0.00
65900,0.554256,0.00
66000,0.535041,0.00
66100,0.537530,0.00
66200,0.558786,0.00
66300,0.542318,0.00
66400,0.559831,0.00
66500,0.552287,0.00
66600,0.537509,0.00
66700,0.560798,0.00
66800,0.557047,0.00
66900,0.543061,0.00
67000,0.532822,0.00
67100,0.555425,0.00
67200,0.535813,0.00
67300,0.535414,0.00
67400,0.546344,0.00
67500,0.531853,0.00
67600,0.549359,0.00
67700,0.556748,0.00
67800,0.542528,0.00
67900,0.554057,0.00
68000,0.540622,0.00
68100,0.545652,0.00
68200,0.544665,0.00
68300,0.568625,0.00
68400,0.532932,0.00
68500,0.537277,0.00
68600,0.554923,0.00
68700,0.538487,0.00
68800,0.554450,0.00
68900,0.561735,0.00
69000,0.540341,0.00
69100,0.549774,0.00
69200,0.549446,0.00
69300,0.548541,0.00
69400,0.542514,0.00
69500,0.536139,0.00
69600,0.524568,0.00
69700,0.546269,0.00
69800,0.548046,0.00
69900,0.533705,0.00
70000,0.529184,0.00
70100,0.537608,0.00
70200,0.521835,0.00
70300,0.533579,0.00
70400,0.559707,0.00
70500,0.538198,0.00
70600,0.546030,0.00
70700,0.547192,0.00
70800,0.539741,0.00
70900,0.547585,0.00
71000,0.559708,0.00
71100,0.552441,0.00
71200,0.553791,0.00
71300,0.558554,0.00
71400,0.558821,0.00
71500,0.559887,0.00
71600,0.566685,0.00
71700,0.552059,0.00
71800,0.548221,0.00
71900,0.550003,0.00
72000,0.542601,0.00
72100,0.552016,0.00
72200,0.555640,0.00
72300,0.539503,0.00
72400,0.541407,0.00
72500,0.550134,0.00
72600,0.536827,0.00
72700,0.549435,0.00
72800,0.557001,0.00
72900,0.558541,0.00
73000,0.556602,0.00
73100,0.572623,0.00
73200,0.535707,0.00
73300,0.550127,0.00
73400,0.572172,0.00
73500,0.545623,0.00
73600,0.540495,0.00
73700,0.550999,0.00
73800,0.529541,0.00
73900,0.525992,0.00
74000,0.567370,0.00
74100,0.528726,0.00
74200,0.550595,0.00
74300,0.544180,0.00
74400,0.530217,0.00
74500,0.538353,0.00
74600,0.556457,0.00
74700,0.541285,0.00
74800,0.552751,0.00
74900,0.565547,0.00
75000,0.544045,0.00
75100,0.557574,0.00
75200,0.559517,0.00
75300,0.539159,0.00
75400,0.552043,0.00
75500,0.553931,0.00
75600,0.535540,0.00
75700,0.553006,0.00
75800,0.559395,0.00
75900,0.540543,0.00
76000,0.551260,0.00
76100,0.553372,0.00
76200,0.541127,0.00
76300,0.547757,0.00
76400,0.551791,0.00
76500,0.545751,0.00
76600,0.547868,0.00
76700,0.548809,0.00
76800,0.537531,0.00
76900,0.552685,0.00
77000,0.553878,0.00
77100,0.537881,0.00
77200,0.546495,0.00
77300,0.566077,0.00
77400,0.555953,0.00
77500,0.557243,0.00
77600,0.532167,0.00
77700,0.514910,0.00
77800,0.516422,0.00
77900,0.545818,0.00
78000,0.539733,0.00
78100,0.543742,0.00
78200,0.550775,0.00
78300,0.537211,0.00
78400,0.543771,0.00
78500,0.546342,0.00
78600,0.531159,0.00
78700,0.523360,0.00
78800,0.564823,0.00
78900,0.542035,0.00
79000,0.546345,0.00
79100,0.569565,0.00
79200,0.528422,0.00
79300,0.538805,0.00
79400,0.538403,0.00
79500,0.541614,0.00
79600,0.553254,0.00
79700,0.551548,0.00
79800,0.532948,0.00
79900,0.541762,0.00
80000,0.557050,0.00
80100,0.544609,0.00
80200,0.533791,0.00
80300,0.561161,0.00
80400,0.542283,0.00
80500,0.540206,0.00
80600,0.545427,0.00
80700,0.529914,0.00
80800,0.535434,0.00
80900,0.545730,0.00
81000,0.536430,0.00
81100,0.545059,0.00
81200,0.548577,0.00
81300,0.538300,0.00
81400,0.549195,0.00
81500,0.558432,0.00
81600,0.559055,0.00
81700,0.555603,0.00
81800,0.567465,0.00
81900,0.532628,0.00
82000,0.570826,0.00
82100,0.569888,0.00
82200,0.543023,0.00
82300,0.560507,0.00
82400,0.562102,0.00
82500,0.533179,0.00
82600,0.535289,0.00
82700,0.559142,0.00
82800,0.546884,0.00
82900,0.556498,0.00
83000,0.569212,0.00
83100,0.553878,0.00
83200,0.528748,0.00
83300,0.538651,0.00
83400,0.539694,0.00
83500,0.545625,0.00
83600,0.548055,0.00
83700,0.530831,0.00
83800,0.564463,0.00
83900,0.559239,0.00
84000,0.543898,0.00
84100,0.526948,0.00
84200,0.535968,0.00
84300,0.525353,0.00
84400,0.528905,0.00
84500,0.551167,0.00
84600,0.538249,0.00
84700,0.537642,0.00
84800,0.540579,0.00
84900,0.536461,0.00
85000,0.547223,0.00
85100,0.549984,0.00
85200,0.539889,0.00
85300,0.547468,0.00
85400,0.571485,0.00
85500,0.559700,0.00
85600,0.546796,0.00
85700,0.551006,0.00
85800,0.550332,0.00
85900,0.540161,0.00
86000,0.553530,0.00
86100,0.532577,0.00
86200,0.550333,0.00
86300,0.572240,0.00
86400,0.568771,0.00
86500,0.570081,0.00
86600,0.551803,0.00
86700,0.545766,0.00
86800,0.550626,0.00
86900,0.551970,0.00
87000,0.535948,0.00
87100,0.553357,0.00
87200,0.560855,0.00
87300,0.530786,0.00
87400,0.528530,0.00
87500,0.543293,0.00
87600,0.530697,0.00
87700,0.539735,0.00
87800,0.527079,0.00
87900,0.525993,0.00
88000,0.558114,0.00
88100,0.548402,0.00
88200,0.541623,0.00
88300,0.543631,0.00
88400,0.551876,0.00
88500,0.527214,0.00
88600,0.545796,0.00
88700,0.543365,0.00
88800,0.530989,0.00
88900,0.541590,0.00
89000,0.560861,0.00
89100,0.556744,0.00
89200,0.552824,0.00
89300,0.561268,0.00
89400,0.548027,0.00
89500,0.545921,0.00
89600,0.553114,0.00
89700,0.547266,0.00
89800,0.540941,0.00
89900,0.557033,0.00
90000,0.536718,0.00
90100,0.525342,0.00
90200,0.554663,0.00
90300,0.526111,0.00
90400,0.541955,0.00
90500,0.544054,0.00
90600,0.541303,0.00
90700,0.535347,0.00
90800,0.547053,0.00
90900,0.536177,0.00
91000,0.546027,0.00
91100,0.545625,0.00
91200,0.540067,0.00
91300,0.540269,0.00
91400,0.569408,0.00
91500,0.549532,0.00
91600,0.557639,0.00
91700,0.555792,0.00
91800,0.541700,0.00
91900,0.553718,0.00
92000,0.556319,0.00
92100,0.541248,0.00
92200,0.551245,0.00
92300,0.572242,0.00
92400,0.546949,0.00
92500,0.552904,0.00
92600,0.566073,0.00
92700,0.539436,0.00
92800,0.556186,0.00
92900,0.555888,0.00
93000,0.559550,0.00
93100,0.538338,0.00
93200,0.538668,0.00
93300,0.525793,0.00
93400,0.545349,0.00
93500,0.566082,0.00
93600,0.535323,0.00
93700,0.539344,0.00
93800,0.568597,0.00
93900,0.528470,0.00
94000,0.569609,0.00
94100,0.558222,0.00
94200,0.536082,0.00
94300,0.547128,0.00
94400,0.558080,0.00
94500,0.539450,0.00
94600,0.548015,0.00
94700,0.553537,0.00
94800,0.536703,0.00
94900,0.550902,0.00
95000,0.547455,0.00
95100,0.539354,0.00
95200,0.547308,0.00
95300,0.542359,0.00
95400,0.534351,0.00
95500,0.545968,0.00
95600,0.544039,0.00
95700,0.553690,0.00
95800,0.550695,0.00
95900,0.544522,0.00
96000,0.551637,0.00
96100,0.543179,0.00
96200,0.571212,0.00
96300,0.551721,0.00
96400,0.554885,0.00
96500,0.551988,0.00
96600,0.539977,0.00
96700,0.541963,0.00
96800,0.545374,0.00
96900,0.543731,0.00
97000,0.533759,0.00
97100,0.548969,0.00
97200,0.528511,0.00
97300,0.543215,0.00
97400,0.561147,0.00
97500,0.536333,0.00
97600,0.544837,0.00
97700,0.536277,0.00
97800,0.544080,0.00
97900,0.556491,0.00
98000,0.570725,0.00
98100,0.535658,0.00
98200,0.532283,0.00
98300,0.554961,0.00
98400,0.535287,0.00
98500,0.546724,0.00
98600,0.571461,0.00
98700,0.550735,0.00
98800,0.567635,0.00
98900,0.566994,0.00
99000,0.544351,0.00
99100,0.544927,0.00
99200,0.575438,0.00
99300,0.533043,0.00
99400,0.523649,0.00
99500,0.555419,0.00
99600,0.529109,0.00
99700,0.536386,0.00
99800,0.542464,0.00
99900,0.532162,0.00
100000,0.544876,0.00
100100,0.547380,0.00
100200,0.533967,0.00
100300,0.539557,0.00
100400,0.545558,0.00
100500,0.541983,0.00
100600,0.555010,0.00
100700,0.548118,0.00
100800,0.535561,0.00
100900,0.543579,0.00
101000,0.549260,0.00
101100,0.541076,0.00
101200,0.538919,0.00
101300,0.541797,0.00
101400,0.539955,0.00
101500,0.526275,0.00
101600,0.533347,0.00
101700,0.535392,0.00
101800,0.529072,0.00
101900,0.556971,0.00
102000,0.530986,0.00
102100,0.536823,0.00
102200,0.557257,0.00
102300,0.540165,0.00
102400,0.542583,0.00
102500,0.553624,0.00
102600,0.547884,0.00
102700,0.552151,0.00
102800,0.540105,0.00
102900,0.538478,0.00
103000,0.553592,0.00
103100,0.567638,0.00
103200,0.546246,0.00
103300,0.553902,0.00
103400,0.552499,0.00
103500,0.543311,0.00
103600,0.546305,0.00
103700,0.550038,0.00
103800,0.533845,0.00
103900,0.533771,0.00
104000,0.555197,0.00
104100,0.564535,0.00
104200,0.550465,0.00
104300,0.539696,0.00
104400,0.537559,0.00
104500,0.557608,0.00
104600,0.562458,0.00
104700,0.549592,0.00
104800,0.545291,0.00
104900,0.559222,0.00
105000,0.532029,0.00
105100,0.559358,0.00
105200,0.557505,0.00
105300,0.540683,0.00
105400,0.559676,0.00
105500,0.554147,0.00
105600,0.529941,0.00
105700,0.538880,0.00
105800,0.554529,0.00
105900,0.530259,0.00
106000,0.549354,0.00
106100,0.548158,0.00
106200,0.538876,0.00
106300,0.548753,0.00
106400,0.548545,0.00
106500,0.539922,0.00
106600,0.546268,0.00
106700,0.538297,0.00
106800,0.537985,0.00
106900,0.536818,0.00
107000,0.543541,0.00
107100,0.538116,0.00
107200,0.538122,0.00
107300,0.567367,0.00
107400,0.539150,0.00
107500,0.521641,0.00
107600,0.551509,0.00
107700,0.559544,0.00
107800,0.558528,0.00
107900,0.546040,0.00
108000,0.534345,0.00
108100,0.545814,0.00
108200,0.559584,0.00
108300,0.532499,0.00
108400,0.522807,0.00
108500,0.526789,0.00
108600,0.530969,0.00
108700,0.537756,0.00
108800,0.547324,0.00
108900,0.546516,0.00
109000,0.536470,0.00
109100,0.551826,0.00
109200,0.533265,0.00
109300,0.554846,0.00
109400,0.554120,0.00
109500,0.543074,0.00
109600,0.537087,0.00
109700,0.557861,0.00
109800,0.544686,0.00
109900,0.554317,0.00
110000,0.554663,0.00
110100,0.551468,0.00
110200,0.561200,0.00
110300,0.557374,0.00
110400,0.526939,0.00
110500,0.537330,0.00
110600,0.557680,0.00
110700,0.530709,0.00
110800,0.539400,0.00
110900,0.521720,0.00
111000,0.520858,0.00
111100,0.519185,0.00
111200,0.546038,0.00
111300,0.527126,0.00
111400,0.548085,0.00
111500,0.557022,0.00
111600,0.545655,0.00
111700,0.552977,0.00
111800,0.559640,0.00
111900,0.544571,0.00
112000,0.549333,0.00
112100,0.560823,0.00
112200,0.546161,0.00
112300,0.531009,0.00
112400,0.546841,0.00
112500,0.533543,0.00
112600,0.539842,0.00
112700,0.534666,0.00
112800,0.536975,0.00
112900,0.532082,0.00
113000,0.540598,0.00
113100,0.536489,0.00
113200,0.539831,0.00
113300,0.558610,0.00
113400,0.527620,0.00
113500,0.543163,0.00
113600,0.542533,0.00
113700,0.548825,0.00
113800,0.546755,0.00
113900,0.550849,0.00
114000,0.548975,0.00
114100,0.555335,0.00
114200,0.578497,0.00
114300,0.557146,0.00
114400,0.550187,0.00
114500,0.556058,0.00
114600,0.536788,0.00
114700,0.555077,0.00
114800,0.552473,0.00
114900,0.532560,3.80
115000,0.536151,3.98
115100,0.549256,3.42
115200,0.540643,2.33
115300,0.541080,0.00
115400,0.541520,0.00
115500,0.520630,0.00
115600,0.532911,0.00
115700,0.549366,0.00
115800,0.542722,0.00
115900,0.552131,0.00
116000,0.546868,0.00
116100,0.542231,0.00
116200,0.557483,0.00
116300,0.566878,0.00
116400,0.540363,0.00
116500,0.537189,0.00
116600,0.557776,0.00
116700,0.526529,0.00
116800,0.534022,0.00
116900,0.542024,0.00
117000,0.530348,0.00
117100,0.538092,0.00
117200,0.561642,0.00
117300,0.538043,0.00
117400,0.547159,0.00
117500,0.549035,0.00
117600,0.537735,0.00
117700,0.544744,0.00
117800,0.588115,0.00
117900,0.542706,0.00
118000,0.546108,0.00
118100,0.546005,0.00
118200,0.536040,0.00
118300,0.552057,0.00
118400,0.570624,0.00
118500,0.550279,0.00
118600,0.569273,0.00
118700,0.566179,0.00
118800,0.527419,0.00
118900,0.538118,0.00
119000,0.543939,0.00
119100,0.526324,0.00
119200,0.544940,0.00
119300,0.564666,0.00
119400,0.540466,0.00
119500,0.551954,0.00
119600,0.549109,0.00
119700,0.528380,0.00
119800,0.546576,0.00
119900,0.546814,0.00
120000,0.541721,0.00
120100,0.540630,0.00
120200,0.569434,0.00
120300,0.551590,0.00
120400,0.520123,0.00
120500,0.537797,0.00
120600,0.535307,0.00
120700,0.536996,0.00
120800,0.548069,0.00
120900,0.536708,0.00
121000,0.525494,0.00
121100,0.538551,0.00
121200,0.521463,0.00
121300,0.557818,0.00
121400,0.553722,0.00
121500,0.528522,0.00
121600,0.560332,0.00
121700,0.553866,0.00
121800,0.548827,0.00
121900,0.535645,0.00
122000,0.558733,0.00
122100,0.544427,0.00
122200,0.547951,0.00
122300,0.554716,0.00
122400,0.541359,0.00
122500,0.547634,0.00
122600,0.552546,0.00
122700,0.533717,0.00
122800,0.563256,0.00
122900,0.542313,0.00
123000,0.534181,0.00
123100,0.563551,0.00
123200,0.569114,0.00
123300,0.532214,0.00
123400,0.531915,0.00
123500,0.532907,0.00
123600,0.536148,0.00
123700,0.533024,0.00
123800,0.547547,0.00
123900,0.523146,0.00
124000,0.533440,0.00
124100,0.543817,0.00
124200,0.540606,0.00
124300,0.538700,0.00
124400,0.564600,0.00
124500,0.540653,0.00
124600,0.547038,0.00
124700,0.556177,0.00
124800,0.538930,0.00
124900,0.556904,0.00
125000,0.581460,0.00
125100,0.547482,0.00
125200,0.558469,0.00
125300,0.569114,0.00
125400,0.555295,0.00
125500,0.561707,0.00
125600,0.550838,0.00
125700,0.537923,0.00
125800,0.552612,0.00
125900,0.560783,0.00
126000,0.539589,0.00
126100,0.538073,0.00
126200,0.544603,0.00
126300,0.526635,0.00
126400,0.534783,0.00
126500,0.533369,0.00
126600,0.540178,0.00
126700,0.537876,0.00
126800,0.541470,0.00
126900,0.536037,0.00
127000,0.536939,0.00
127100,0.559847,0.00
127200,0.553951,0.00
127300,0.542992,0.00
127400,0.537692,0.00
127500,0.541439,0.00
127600,0.544823,0.00
127700,0.557119,0.00
127800,0.540044,0.00
127900,0.545661,0.00
128000,0.556131,0.00
128100,0.538390,0.00
128200,0.539739,0.00
128300,0.545571,0.00
128400,0.532342,0.00
128500,0.554806,0.00
128600,0.564921,0.00
128700,0.542803,0.00
128800,0.532337,0.00
128900,0.532269,0.00
129000,0.520760,0.00
129100,0.546043,0.00
129200,0.562798,0.00
129300,0.549517,0.00
129400,0.539885,0.00
129500,0.554348,0.00
129600,0.542408,0.00
129700,0.543804,0.00
129800,0.565576,0.00
129900,0.546450,0.00
130000,0.553561,0.00
130100,0.556058,0.00
130200,0.541957,0.00
130300,0.563119,0.00
130400,0.568617,0.00
130500,0.552268,0.00
130600,0.543624,0.00
130700,0.531442,0.00
130800,0.527245,0.00
130900,0.533606,0.00
131000,0.543126,0.00
131100,0.538405,0.00
131200,0.537867,0.00
131300,0.575728,0.00
131400,0.535761,0.00
131500,0.545918,0.00
131600,0.563225,0.00
131700,0.548839,0.00
131800,0.549158,0.00
131900,0.553009,0.00
132000,0.529329,0.00
132100,0.540254,0.00
132200,0.552650,0.00
132300,0.544276,0.00
132400,0.563381,0.00
132500,0.553287,0.00
132600,0.528775,0.00
132700,0.553136,0.00
132800,0.550765,0.00
132900,0.540263,0.00
133000,0.536000,0.00
133100,0.546756,0.00
133200,0.546518,0.00
133300,0.544628,0.00
133400,0.555320,0.00
133500,0.550354,0.00
133600,0.557668,0.00
133700,0.574398,0.00
133800,0.560059,0.00
133900,0.568593,0.00
134000,0.582166,0.00
134100,0.554340,0.00
134200,0.548308,0.00
134300,0.567573,0.00
134400,0.540999,0.00
134500,0.558557,0.00
134600,0.580122,0.00
134700,0.557399,0.00
134800,0.579832,0.00
134900,0.578735,0.00
135000,0.547065,0.00
135100,0.549741,0.00
135200,0.566671,0.00
135300,0.551781,0.00
135400,0.546104,0.00
135500,0.562136,0.00
135600,0.542735,0.00
135700,0.542360,0.00
135800,0.556519,0.00
135900,0.535205,0.00
136000,0.543515,0.00
136100,0.540915,0.00
136200,0.516657,0.00
136300,0.523699,0.00
136400,0.554159,0.00
136500,0.540138,0.00
136600,0.533753,0.00
136700,0.558718,0.00
136800,0.546465,0.00
136900,0.549277,0.00
137000,0.541315,0.00
137100,0.527018,0.00
137200,0.535047,0.00
137300,0.560848,0.00
137400,0.542069,0.00
137500,0.517344,0.00
137600,0.533781,0.00
137700,0.536868,0.00
137800,0.558661,0.00
137900,0.550239,0.00
138000,0.529104,0.00
138100,0.549730,0.00
138200,0.552300,0.00
138300,0.532655,0.00
138400,0.564697,0.00
138500,0.564926,0.00
138600,0.553039,0.00
138700,0.556833,0.00
138800,0.546565,0.00
138900,0.541462,0.00
139000,0.547160,0.00
139100,0.555274,0.00
139200,0.539216,0.00
139300,0.552731,0.00
139400,0.565126,0.00
139500,0.539958,0.00
139600,0.562668,0.00
139700,0.550140,0.00
139800,0.555947,0.00
139900,0.555249,0.00
140000,0.557280,0.00
140100,0.552856,0.00
140200,0.545438,0.00
140300,0.556963,0.00
140400,0.551221,0.00
140500,0.552349,0.00
140600,0.560254,0.00
140700,0.528168,0.00
140800,0.540891,0.00
140900,0.540236,0.00
141000,0.546536,0.00
141100,0.534774,0.00
141200,0.524101,0.00
141300,0.513202,0.00
141400,0.535006,0.00
141500,0.549159,0.00
141600,0.546523,0.00
141700,0.543591,0.00
141800,0.566394,0.00
141900,0.535267,0.00
142000,0.558112,0.00
142100,0.541453,0.00
142200,0.531174,0.00
142300,0.555164,0.00
142400,0.554190,0.00
142500,0.544285,0.00
142600,0.536715,0.00
142700,0.538475,0.00
142800,0.514497,0.00
142900,0.531569,0.00
143000,0.540346,0.00
143100,0.547346,0.00
143200,0.540633,0.00
143300,0.533190,0.00
143400,0.516064,0.00
143500,0.527770,0.00
143600,0.519212,0.00
143700,0.529449,0.00
143800,0.538092,0.00
143900,0.559130,0.00
144000,0.545780,0.00
144100,0.555106,0.00
144200,0.557453,0.00
144300,0.524090,0.00
144400,0.518366,0.00
144500,0.548004,0.00
144600,0.545800,0.00
144700,0.531857,0.00
144800,0.550313,0.00
144900,0.531240,0.00
145000,0.547952,0.00
145100,0.547666,0.00
145200,0.539332,0.00
145300,0.532625,0.00
145400,0.552534,0.00
145500,0.544176,0.00
145600,0.562075,0.00
145700,0.579636,0.00
145800,0.547563,0.00
145900,0.558592,0.00
146000,0.552389,0.00
146100,0.537366,0.00
146200,0.541850,0.00
146300,0.546014,0.00
146400,0.538517,0.00
146500,0.547106,0.00
146600,0.560430,0.00
146700,0.540708,0.00
146800,0.522485,0.00
146900,0.523766,0.00
147000,0.517485,0.00
147100,0.531622,0.00
147200,0.557231,0.00
147300,0.549973,0.00
147400,0.537140,0.00
147500,0.564148,0.00
147600,0.552359,0.00
147700,0.534759,0.00
147800,0.538009,0.00
147900,0.535519,0.00
148000,0.546212,0.00
148100,0.558083,0.00
148200,0.555206,0.00
148300,0.563394,0.00
148400,0.550233,0.00
148500,0.530069,0.00
148600,0.557431,0.00
148700,0.554903,0.00
148800,0.542613,0.00
148900,0.543709,0.00
149000,0.543889,0.00
149100,0.529073,0.00
149200,0.551686,0.00
149300,0.542702,0.00
149400,0.541715,0.00
149500,0.544496,0.00
149600,0.541181,0.00
149700,0.533302,0.00
149800,0.539017,0.00
149900,0.564028,0.00
150000,0.536696,0.00
150100,0.540666,0.00
150200,0.547708,0.00
150300,0.541647,0.00
150400,0.541826,0.00
150500,0.564117,0.00
150600,0.538463,0.00
150700,0.558362,0.00
150800,0.544704,0.00
150900,0.535879,0.00
151000,0.557885,0.00
151100,0.559610,0.00
151200,0.546460,0.00
151300,0.562516,0.00
151400,0.555036,0.00
151500,0.551817,0.00
151600,0.534666,0.00
151700,0.546506,0.00
151800,0.545366,0.00
151900,0.546243,0.00
152000,0.545324,0.00
152100,0.534037,0.00
152200,0.530396,0.00
152300,0.556838,0.00
152400,0.537306,0.00
152500,0.544100,0.00
152600,0.552687,0.00
152700,0.530865,0.00
152800,0.537274,0.00
152900,0.552298,0.00
153000,0.543831,0.00
153100,0.554490,0.00
153200,0.560772,0.00
153300,0.531090,0.00
153400,0.549667,0.00
153500,0.555337,0.00
153600,0.542650,0.00
153700,0.557112,0.00
153800,0.535629,0.00
153900,0.528054,0.00
154000,0.543477,0.00
154100,0.559289,0.00
154200,0.528857,0.00
154300,0.536360,0.00
154400,0.536028,0.00
154500,0.546797,0.00
154600,0.537377,0.00
154700,0.550093,0.00
154800,0.541878,0.00
154900,0.556749,0.00
155000,0.550380,0.00
155100,0.539641,0.00
155200,0.542065,0.00
155300,0.557160,0.00
155400,0.546161,0.00
155500,0.556335,0.00
155600,0.583342,0.00
155700,0.530925,0.00
155800,0.542843,0.00
155900,0.541871,0.00
156000,0.531666,0.00
156100,0.570470,0.00
156200,0.567071,0.00
156300,0.539138,0.00
156400,0.543089,0.00
156500,0.543792,0.00
156600,0.520942,0.00
156700,0.543957,0.00
156800,0.555653,0.00
156900,0.526351,0.00
157000,0.539691,0.00
157100,0.552622,0.00
157200,0.545637,0.00
157300,0.549142,0.00
157400,0.551601,0.00
157500,0.540997,0.00
157600,0.549584,0.00
157700,0.557734,0.00
157800,0.519232,0.00
157900,0.541493,0.00
158000,0.568010,0.00
158100,0.550341,0.00
158200,0.547218,0.00
158300,0.567787,0.00
158400,0.555743,0.00
158500,0.556463,0.00
158600,0.538792,0.00
158700,0.531473,0.00
158800,0.540575,0.00
158900,0.540186,0.00
159000,0.531570,0.00
159100,0.549673,0.00
159200,0.539000,0.00
159300,0.523790,0.00
159400,0.556180,0.00
159500,0.563086,0.00
159600,0.548946,0.00
159700,0.550079,0.00
159800,0.546656,0.00
159900,0.538952,0.00
160000,0.522188,0.00
160100,0.540284,0.00
160200,0.525946,0.00
160300,0.530416,0.00
160400,0.549727,0.00
160500,0.523464,0.00
160600,0.536422,0.00
160700,0.542526,0.00
160800,0.526540,0.00
160900,0.553707,0.00
161000,0.561347,0.00
161100,0.526597,0.00
161200,0.532777,0.00
161300,0.544736,0.00
161400,0.536868,0.00
161500,0.550306,0.00
161600,0.568997,0.00
161700,0.551242,0.00
161800,0.539022,0.00
161900,0.549481,0.00
162000,0.536259,0.00
162100,0.545838,0.00
162200,0.549897,0.00
162300,0.538517,0.00
162400,0.542515,0.00
162500,0.545422,0.00
162600,0.546927,0.00
162700,0.560265,0.00
162800,0.547979,0.00
162900,0.536321,0.00
163000,0.542844,0.00
163100,0.555639,0.00
163200,0.557070,0.00
163300,0.554137,0.00
163400,0.554438,0.00
163500,0.555361,0.00
163600,0.554770,0.00
163700,0.557920,0.00
163800,0.539875,0.00
163900,0.542226,0.00
164000,0.557218,0.00
164100,0.555956,0.00
164200,0.553494,0.00
164300,0.556445,0.00
164400,0.547125,0.00
164500,0.547515,0.00
164600,0.553411,0.00
164700,0.540455,0.00
164800,0.545553,0.00
164900,0.561857,0.00
165000,0.539697,0.00
165100,0.554054,0.00
165200,0.541439,0.00
165300,0.548407,0.00
165400,0.562794,0.00
165500,0.559687,0.00
165600,0.554539,0.00
165700,0.553628,0.00
165800,0.547476,0.00
165900,0.534195,0.00
166000,0.544057,0.00
166100,0.548686,0.00
166200,0.533093,0.00
166300,0.550364,0.00
166400,0.575061,0.00
166500,0.545798,0.00
166600,0.543476,0.00
166700,0.569072,0.00
166800,0.532775,0.00
166900,0.531846,0.00
167000,0.542227,0.00
167100,0.534378,0.00
167200,0.558256,0.00
167300,0.549145,0.00
167400,0.538941,0.00
167500,0.545028,0.00
167600,0.559627,0.00
167700,0.543840,0.00
167800,0.534840,0.00
167900,0.548142,0.00
168000,0.545820,0.00
168100,0.552530,0.00
168200,0.561327,0.00
168300,0.527534,0.00
168400,0.548902,0.00
168500,0.553421,0.00
168600,0.546501,0.00
168700,0.544713,0.00
168800,0.555377,0.00
168900,0.536674,0.00
169000,0.540668,0.00
169100,0.550638,0.00
169200,0.542497,0.00
169300,0.554689,0.00
169400,0.557183,0.00
169500,0.552059,0.00
169600,0.534454,0.00
169700,0.547038,0.00
169800,0.529791,0.00
169900,0.551577,0.00
170000,0.545127,0.00
170100,0.526015,0.00
170200,0.539362,0.00
170300,0.537303,0.00
170400,0.526211,0.00
170500,0.548581,0.00
170600,0.551126,0.00
170700,0.540642,0.00
170800,0.548089,0.00
170900,0.547144,0.00
171000,0.530082,0.00
171100,0.531877,0.00
171200,0.533799,0.00
171300,0.541155,0.00
171400,0.553042,0.00
171500,0.569453,0.00
171600,0.548926,0.00
171700,0.559973,0.00
171800,0.571303,0.00
171900,0.551279,0.00
172000,0.576542,0.00
172100,0.561538,0.00
172200,0.547230,0.00
172300,0.552787,0.00
172400,0.560112,0.00
172500,0.526875,0.00
172600,0.546149,0.00
172700,0.557992,0.00
172800,0.533945,0.00
172900,0.535396,0.00
173000,0.559006,0.00
173100,0.546244,0.00
173200,0.558337,0.00
173300,0.543224,0.00
173400,0.547848,0.00
173500,0.558724,0.00
173600,0.549675,0.00
173700,0.531202,0.00
173800,0.540768,0.00
173900,0.534668,0.00
174000,0.532777,0.00
174100,0.550731,0.00
174200,0.533348,0.00
174300,0.535102,0.00
174400,0.552885,0.00
174500,0.560549,0.00
174600,0.543157,0.00
174700,0.564713,0.00
174800,0.548672,0.00
174900,0.542540,0.00
175000,0.546960,0.00
175100,0.553184,0.00
175200,0.545921,0.00
175300,0.551295,0.00
175400,0.550739,0.00
175500,0.538266,0.00
175600,0.559140,0.00
175700,0.582585,0.00
175800,0.561466,0.00
175900,0.556573,0.00
176000,0.577110,0.00
176100,0.542803,0.00
176200,0.543134,0.00
176300,0.544386,0.00
176400,0.552429,0.00
176500,0.550129,0.00
176600,0.570573,0.00
176700,0.535193,0.00
176800,0.543949,0.00
176900,0.556155,0.00
177000,0.553652,0.00
177100,0.540000,0.00
177200,0.549181,0.00
177300,0.548818,0.00
177400,0.541102,0.00
177500,0.547011,0.00
177600,0.533222,0.00
177700,0.539291,0.00
177800,0.565695,0.00
177900,0.549412,0.00
178000,0.569643,0.00
178100,0.568927,0.00
178200,0.550614,0.00
178300,0.547234,0.00
178400,0.568153,0.00
178500,0.545455,0.00
178600,0.538997,0.00
178700,0.556477,0.00
178800,0.529687,0.00
178900,0.539556,0.00
179000,0.544131,0.00
179100,0.530422,0.00
179200,0.544043,0.00
179300,0.558121,0.00
179400,0.543820,0.00
179500,0.540006,0.00
179600,0.541104,0.00
179700,0.547361,0.00
179800,0.555426,0.00
179900,0.544547,0.00
180000,0.537511,0.00
180100,0.537544,0.00
180200,0.555426,0.00
180300,0.551555,0.00
180400,0.560644,0.00
180500,0.560758,0.00
180600,0.537346,0.00
180700,0.559214,0.00
180800,0.556603,0.00
180900,0.547068,0.00
181000,0.538941,0.00
181100,0.549888,0.00
181200,0.530982,0.00
181300,0.555998,0.00
181400,0.534833,0.00
181500,0.538438,0.00
181600,0.560185,0.00
181700,0.561276,0.00
181800,0.536183,0.00
181900,0.535208,0.00
182000,0.553553,0.00
182100,0.549452,0.00
182200,0.536538,0.00
182300,0.542644,0.00
182400,0.524504,0.00
182500,0.550481,0.00
182600,0.551424,0.00
182700,0.536584,0.00
182800,0.542392,0.00
182900,0.546430,0.00
183000,0.543365,0.00
183100,0.539494,0.00
183200,0.556209,0.00
183300,0.545507,0.00
183400,0.555693,0.00
183500,0.556645,0.00
183600,0.536992,0.00
183700,0.548288,0.00
183800,0.562619,0.00
183900,0.539633,0.00
184000,0.543045,0.00
184100,0.545089,0.00
184200,0.532215,0.00
184300,0.548018,0.00
184400,0.564943,0.00
184500,0.533578,0.00
184600,0.540102,0.00
184700,0.563094,0.00
184800,0.551458,0.00
184900,0.565776,0.00
185000,0.574083,0.00
185100,0.547404,0.00
185200,0.560840,0.00
185300,0.548580,0.00
185400,0.536281,0.00
185500,0.542143,0.00
185600,0.541896,0.00
185700,0.533701,0.00
185800,0.542236,0.00
185900,0.547042,0.00
186000,0.533720,0.00
186100,0.529663,0.00
186200,0.558005,0.00
186300,0.535870,0.00
186400,0.546218,0.00
186500,0.546453,0.00
186600,0.532339,0.00
186700,0.539776,0.00
186800,0.552084,0.00
186900,0.516794,0.00
187000,0.538671,0.00
187100,0.551208,0.00
187200,0.538929,0.00
187300,0.530879,0.00
187400,0.547996,0.00
187500,0.526352,0.00
187600,0.538840,0.00
187700,0.565108,0.00
187800,0.541138,0.00
187900,0.534445,0.00
188000,0.565108,0.00
188100,0.545995,0.00
188200,0.554018,0.00
188300,0.567228,0.00
188400,0.536477,0.00
188500,0.529691,0.00
188600,0.548121,0.00
188700,0.534650,0.00
188800,0.528639,0.00
188900,0.553329,0.00
189000,0.557260,0.00
189100,0.546315,0.00
189200,0.559339,0.00
189300,0.534216,0.00
189400,0.527905,0.00
189500,0.541568,0.00
189600,0.531965,0.00
189700,0.535920,0.00
189800,0.549556,0.00
189900,0.553598,0.00
190000,0.550712,0.00
190100,0.560127,0.00
190200,0.531138,0.00
190300,0.539154,0.00
190400,0.561303,0.00
190500,0.545337,0.00
190600,0.538250,0.00
190700,0.549144,0.00
190800,0.546011,0.00
190900,0.563607,0.00
191000,0.560853,0.00
191100,0.541714,0.00
191200,0.544393,0.00
191300,0.554968,0.00
191400,0.551429,0.00
191500,0.565729,0.00
191600,0.556804,0.00
191700,0.541705,0.00
191800,0.555920,0.00
191900,0.559752,0.00
192000,0.538917,0.00
192100,0.542818,0.00
192200,0.546508,0.00
192300,0.552955,0.00
192400,0.549778,0.00
192500,0.558554,0.00
192600,0.553628,0.00
192700,0.549076,0.00
192800,0.543099,0.00
192900,0.532304,0.00
193000,0.535902,0.00
193100,0.545991,0.00
193200,0.541519,0.00
193300,0.562792,0.00
193400,0.550366,0.00
193500,0.532478,0.00
193600,0.550929,0.00
193700,0.553252,0.00
193800,0.545018,0.00
193900,0.537797,0.00
194000,0.554323,0.00
194100,0.538184,0.00
194200,0.535096,0.00
194300,0.543733,0.00
194400,0.542292,0.00
194500,0.552339,0.00
194600,0.556808,0.00
194700,0.543843,0.00
194800,0.551577,0.00
194900,0.555965,0.00
195000,0.539541,0.00
195100,0.540682,0.00
195200,0.557911,0.00
195300,0.532017,0.00
195400,0.531549,0.00
195500,0.546265,0.00
195600,0.533937,0.00
195700,0.536427,0.00
195800,0.562684,0.00
195900,0.543622,0.00
196000,0.543197,0.00
196100,0.569381,0.00
196200,0.548388,0.00
196300,0.545265,0.00
196400,0.555110,0.00
196500,0.544081,0.00
196600,0.531360,0.00
196700,0.543423,0.00
196800,0.551451,0.00
196900,0.563609,0.00
197000,0.574198,0.00
197100,0.539232,0.00
197200,0.547249,0.00
197300,0.550808,0.00
197400,0.529173,0.00
197500,0.551804,0.00
197600,0.570737,0.00
197700,0.539508,0.00
197800,0.551732,0.00
197900,0.545392,0.00
198000,0.524927,0.00
198100,0.530454,0.00
198200,0.543748,0.00
198300,0.532249,0.00
198400,0.541174,0.00
198500,0.525832,0.00
198600,0.512037,0.00
198700,0.533908,0.00
198800,0.557142,0.00
198900,0.552524,0.00
199000,0.552601,0.00
199100,0.563724,0.00
199200,0.542291,0.00
199300,0.543736,0.00
199400,0.552731,0.00
199500,0.536779,0.00
199600,0.539127,0.00
199700,0.562103,0.00
199800,0.543321,0.00
199900,0.546956,0.00
200000,0.543996,0.00
200100,0.533468,0.00
200200,0.517216,0.00
200300,0.555400,0.00
200400,0.538914,0.00
200500,0.552292,0.00
200600,0.559608,0.00
200700,0.532434,0.00
200800,0.536425,0.00
200900,0.547653,0.00
201000,0.543278,0.00
201100,0.553260,0.00
201200,0.568921,0.00
201300,0.549210,0.00
201400,0.545343,0.00
201500,0.557625,0.00
201600,0.537207,0.00
201700,0.548741,0.00
201800,0.573675,0.00
201900,0.565210,0.00
202000,0.550181,0.00
202100,0.566645,0.00
202200,0.545693,0.00
202300,0.549637,0.00
202400,0.549210,0.00
202500,0.537152,0.00
202600,0.557510,0.00
202700,0.560344,0.00
202800,0.536257,0.00
202900,0.565358,0.00
203000,0.569230,0.00
203100,0.550015,0.00
203200,0.558307,0.00
203300,0.577901,0.00
203400,0.557004,0.00
203500,0.550946,0.00
203600,0.562849,0.00
203700,0.550399,0.00
203800,0.554787,0.00
203900,0.559019,0.00
204000,0.533353,0.00
204100,0.541915,0.00
204200,0.538982,0.00
204300,0.533215,0.00
204400,0.548485,0.00
204500,0.572837,0.00
204600,0.546669,0.00
204700,0.551478,0.00
204800,0.564102,0.00
204900,0.542852,0.00
205000,0.555736,0.00
205100,0.543665,0.00
205200,0.524204,0.00
205300,0.538340,0.00
205400,0.564112,0.00
205500,0.545427,0.00
205600,0.542957,0.00
205700,0.546922,0.00
205800,0.535373,0.00
205900,0.542943,0.00
206000,0.575162,0.00
206100,0.557834,0.00
206200,0.545336,0.00
206300,0.560137,0.00
206400,0.557243,0.00
206500,0.544135,0.00
206600,0.563601,0.00
206700,0.541701,0.00
206800,0.548067,0.00
206900,0.560348,0.00
207000,0.529590,0.00
207100,0.541878,0.00
207200,0.561759,0.00
207300,0.542840,0.00
207400,0.553316,0.00
207500,0.562654,0.00
207600,0.546625,0.00
207700,0.549362,0.00
207800,0.558600,0.00
207900,0.534999,0.00
208000,0.550045,0.00
208100,0.542125,0.00
208200,0.549179,0.00
208300,0.542302,0.00
208400,0.554384,0.00
208500,0.536075,0.00
208600,0.525393,0.00
208700,0.546293,0.00
208800,0.545614,0.00
208900,0.558643,0.00
209000,0.549879,0.00
209100,0.538429,0.00
209200,0.539889,0.00
209300,0.533452,0.00
209400,0.544036,0.00
209500,0.549624,0.00
209600,0.558445,0.00
209700,0.540793,0.00
209800,0.561128,0.00
209900,0.563483,0.00
210000,0.527046,0.00
210100,0.542756,0.00
210200,0.561387,0.00
210300,0.553825,0.00
210400,0.555836,0.00
210500,0.565838,0.00
210600,0.556279,0.00
210700,0.562545,0.00
210800,0.552610,0.00
210900,0.535083,0.00
211000,0.550428,0.00
211100,0.559163,0.00
211200,0.537236,0.00
211300,0.537966,0.00
211400,0.549236,0.00
211500,0.538918,0.00
211600,0.531276,0.00
211700,0.557959,0.00
211800,0.531408,0.00
211900,0.528594,0.00
212000,0.553240,0.00
212100,0.534258,0.00
212200,0.529665,0.00
212300,0.541427,0.00
212400,0.544868,0.00
212500,0.563537,0.00
212600,0.560807,0.00
212700,0.545189,0.00
212800,0.544863,0.00
212900,0.565285,0.00
213000,0.531229,0.00
213100,0.554935,0.00
213200,0.546417,0.00
213300,0.532173,0.00
213400,0.540644,0.00
213500,0.555853,0.00
213600,0.544353,0.00
213700,0.548706,0.00
213800,0.566542,0.00
213900,0.544353,0.00
214000,0.549621,0.00
214100,0.559690,0.00
214200,0.538714,0.00
214300,0.535537,0.00
214400,0.552941,0.00
214500,0.546407,0.00
214600,0.556670,0.00
214700,0.554950,0.00
214800,0.543316,0.00
214900,0.562356,0.00
215000,0.565312,0.00
215100,0.567097,0.00
215200,0.553281,0.00
215300,0.545127,0.00
215400,0.522555,0.00
215500,0.529087,0.00
215600,0.547691,0.00
215700,0.542058,0.00
215800,0.539788,0.00
215900,0.548265,0.00
216000,0.533310,0.00
216100,0.542245,0.00
216200,0.561906,0.00
216300,0.542932,0.00
216400,0.565002,0.00
216500,0.583679,0.00
216600,0.555252,0.00
216700,0.555298,0.00
216800,0.555262,0.00
216900,0.555595,0.00
217000,0.555301,0.00
217100,0.567944,0.00
217200,0.529801,0.00
217300,0.548669,0.00
217400,0.546161,0.00
217500,0.545388,0.00
217600,0.538960,0.00
217700,0.547449,0.00
217800,0.528454,0.00
217900,0.538800,0.00
218000,0.557483,0.00
218100,0.534978,0.00
218200,0.527149,0.00
218300,0.551307,0.00
218400,0.546236,0.00
218500,0.554091,0.00
218600,0.571471,0.00
218700,0.546694,0.00
218800,0.554821,0.00
218900,0.560478,0.00
219000,0.540319,0.00
219100,0.553252,0.00
219200,0.566261,0.00
219300,0.554997,0.00
219400,0.553573,0.00
219500,0.555805,0.00
219600,0.532103,0.00
219700,0.547748,0.00
219800,0.557933,0.00
219900,0.537815,0.00
220000,0.533598,0.00
220100,0.540070,0.00
220200,0.552247,0.00
220300,0.552287,0.00
220400,0.548413,0.00
220500,0.527269,0.00
220600,0.543682,0.00
220700,0.571267,0.00
220800,0.551864,0.00
220900,0.543204,0.00
221000,0.553822,0.00
221100,0.538442,0.00
221200,0.532976,0.00
221300,0.561628,0.00
221400,0.525526,0.00
221500,0.542203,0.00
221600,0.542208,0.00
221700,0.532400,0.00
221800,0.540496,0.00
221900,0.538670,0.00
222000,0.537162,0.00
222100,0.531547,0.00
222200,0.554349,0.00
222300,0.538841,0.00
222400,0.540641,0.00
222500,0.566020,0.00
222600,0.545985,0.00
222700,0.543569,0.00
222800,0.547118,0.00
222900,0.552475,0.00
223000,0.545669,0.00
223100,0.561956,0.00
223200,0.541158,0.00
223300,0.552636,0.00
223400,0.562088,0.00
223500,0.543017,0.00
223600,0.539925,0.00
223700,0.535280,0.00
223800,0.528739,0.00
223900,0.551747,0.00
224000,0.555729,0.00
224100,0.530430,0.00
224200,0.558252,0.00
224300,0.554930,0.00
224400,0.550613,0.00
224500,0.530900,0.00
224600,0.558281,0.00
224700,0.534886,0.00
224800,0.550646,0.00
224900,0.543359,0.00
225000,0.534693,0.00
225100,0.533391,0.00
225200,0.532659,0.00
225300,0.512215,0.00
225400,0.518664,0.00
225500,0.533773,0.00
225600,0.512614,0.00
225700,0.542415,0.00
225800,0.544173,0.00
225900,0.538041,0.00
226000,0.564998,0.00
226100,0.567982,0.00
226200,0.544772,0.00
226300,0.558602,0.00
226400,0.567628,0.00
226500,0.547718,0.00
226600,0.556627,0.00
226700,0.575183,0.00
226800,0.559100,0.00
226900,0.558800,0.00
227000,0.573964,0.00
227100,0.562078,0.00
227200,0.552639,0.00
227300,0.556952,0.00
227400,0.539491,0.00
227500,0.550324,0.00
227600,0.564304,0.00
227700,0.536400,0.00
227800,0.551717,0.00
227900,0.544224,0.00
228000,0.526982,0.00
228100,0.544283,0.00
228200,0.534813,0.00
228300,0.539274,0.00
228400,0.546221,0.00
228500,0.537824,0.00
228600,0.532074,0.00
228700,0.546907,0.00
228800,0.564698,0.00
228900,0.539002,0.00
229000,0.535725,0.00
229100,0.547321,0.00
229200,0.526709,0.00
229300,0.535499,0.00
229400,0.557438,0.00
229500,0.550543,0.00
229600,0.549288,0.00
229700,0.583659,0.00
229800,0.563738,0.00
229900,0.562144,0.00
230000,0.556273,0.00
230100,0.528822,0.00
230200,0.552868,0.00
230300,0.548068,0.00
230400,0.543843,0.00
230500,0.545342,0.00
230600,0.547080,0.00
230700,0.534115,0.00
230800,0.558483,0.00
230900,0.559237,0.00
231000,0.535869,0.00
231100,0.539532,0.00
231200,0.567518,0.00
231300,0.539294,0.00
231400,0.577467,0.00
231500,0.569926,0.00
231600,0.570349,0.00
231700,0.556403,0.00
231800,0.561624,0.00
231900,0.541096,0.00
232000,0.533448,0.00
232100,0.547863,0.00
232200,0.525561,0.00
232300,0.542807,0.00
232400,0.543303,0.00
232500,0.534248,0.00
232600,0.541333,0.00
232700,0.549946,0.00
232800,0.554244,0.00
232900,0.555594,0.00
233000,0.539514,0.00
233100,0.541173,0.00
233200,0.547931,0.00
233300,0.552059,0.00
233400,0.552986,0.00
233500,0.554989,0.00
233600,0.558140,0.00
233700,0.529747,0.00
233800,0.538922,0.00
233900,0.551678,0.00
234000,0.533968,0.00
234100,0.555351,0.00
234200,0.563684,0.00
234300,0.542593,0.00
234400,0.565555,0.00
234500,0.585778,0.00
234600,0.557846,0.00
234700,0.567976,0.00
234800,0.553488,0.00
234900,0.535554,0.00
235000,0.546918,0.00
235100,0.551983,0.00
235200,0.540360,0.00
235300,0.533683,0.00
235400,0.565551,0.00
235500,0.556875,0.00
235600,0.557728,0.00
235700,0.549704,0.00
235800,0.534768,0.00
235900,0.531849,0.00
236000,0.553622,0.00
236100,0.535407,0.00
236200,0.552692,0.00
236300,0.557379,0.00
236400,0.528627,0.00
236500,0.538049,0.00
236600,0.550861,0.00
236700,0.538895,0.00
236800,0.544838,0.00
236900,0.551601,0.00
237000,0.546396,0.00
237100,0.534870,0.00
237200,0.545359,0.00
237300,0.531718,0.00
237400,0.554295,0.00
237500,0.577956,0.00
237600,0.560500,0.00
237700,0.562918,0.00
237800,0.568962,0.00
237900,0.550946,0.00
238000,0.559146,0.00
238100,0.563391,0.00
238200,0.548285,0.00
238300,0.548489,0.00
238400,0.555731,0.00
238500,0.551740,0.00
238600,0.543448,0.00
238700,0.543208,0.00
238800,0.538224,0.00
238900,0.544181,0.00
239000,0.559219,0.00
239100,0.538468,0.00
239200,0.546872,0.00
239300,0.555420,0.00
239400,0.557350,0.00
239500,0.544541,0.00
239600,0.544932,0.00
239700,0.533223,0.00
239800,0.538138,0.00
239900,0.546127,0.00
240000,0.541179,0.00
240100,0.544604,0.00
240200,0.542553,0.00
240300,0.522503,0.00
240400,0.537871,0.00
240500,0.554739,0.00
240600,0.543579,0.00
240700,0.543620,0.00
240800,0.554255,0.00
240900,0.538094,0.00
241000,0.546567,0.00
241100,0.553283,0.00
241200,0.529405,0.00
241300,0.525294,0.00
241400,0.529157,0.00
241500,0.533658,0.00
241600,0.534421,0.00
241700,0.548319,0.00
241800,0.553067,0.00
241900,0.561091,0.00
242000,0.557268,0.00
242100,0.531166,0.00
242200,0.548725,0.00
242300,0.553491,0.00
242400,0.540885,0.00
242500,0.556544,0.00
242600,0.547855,0.00
242700,0.533230,0.00
242800,0.538768,0.00
242900,0.547689,0.00
243000,0.538361,0.00
243100,0.535800,0.00
243200,0.565782,0.00
243300,0.534622,0.00
243400,0.548726,0.00
243500,0.540861,0.00
243600,0.538574,0.00
243700,0.563543,0.00
243800,0.555682,0.00
243900,0.536699,0.00
244000,0.536368,0.00
244100,0.559494,0.00
244200,0.526266,0.00
244300,0.528784,0.00
244400,0.529320,0.00
244500,0.529731,0.00
244600,0.552035,0.00
244700,0.566437,0.00
244800,0.554607,0.00
244900,0.562703,0.00
245000,0.563615,0.00
245100,0.536091,0.00
245200,0.556579,0.00
245300,0.553127,0.00
245400,0.548215,0.00
245500,0.541931,0.00
245600,0.549510,0.00
245700,0.540677,0.00
245800,0.541829,0.00
245900,0.554727,0.00
246000,0.550312,0.00
246100,0.543702,0.00
246200,0.536642,0.00
246300,0.536552,0.00
246400,0.543206,0.00
246500,0.563054,0.00
246600,0.532963,0.00
246700,0.544864,0.00
246800,0.558753,0.00
246900,0.543105,0.00
247000,0.563354,0.00
247100,0.551960,0.00
247200,0.551132,0.00
247300,0.555021,0.00
247400,0.555824,0.00
247500,0.548408,0.00
247600,0.536949,0.00
247700,0.554824,0.00
247800,0.542952,0.00
247900,0.542353,0.00
248000,0.558845,0.00
248100,0.545674,0.00
248200,0.553593,0.00
248300,0.557817,0.00
248400,0.560769,0.00
248500,0.551276,0.00
248600,0.547821,0.00
248700,0.520516,0.00
248800,0.542983,0.00
248900,0.544883,0.00
249000,0.525960,0.00
249100,0.538832,0.00
249200,0.538822,0.00
249300,0.523087,0.00
249400,0.539179,0.00
249500,0.563944,0.00
249600,0.553793,0.00
249700,0.562248,0.00
249800,0.557237,0.00
249900,0.547164,0.00
250000,0.541141,0.00
